limite_inferior_reais_pessoa,limite_superior_reais_pessoa,municipios,inclui_limite_superior
6509.543648871233,7439.1849941373175,4,False
7439.1849941373175,8501.590335997536,18,False
8501.590335997536,9715.719974444364,42,False
9715.719974444364,11103.241968991124,81,False
11103.241968991124,12688.91883939012,87,False
12688.91883939012,14501.04949187728,127,False
14501.04949187728,16571.974257814833,136,False
16571.974257814833,18938.65205794317,145,False
18938.65205794317,21643.31999264937,146,False
21643.31999264937,24734.247129681462,152,False
24734.247129681462,28266.59594183941,144,False
28266.59594183941,32303.406768358895,117,False
32303.406768358895,36916.72286925358,100,False
36916.72286925358,42188.876150987744,97,False
42188.876150987744,48213.95650928131,69,False
48213.95650928131,55099.49101178986,59,False
55099.49101178986,62968.36288832444,48,False
62968.36288832444,71961.0045760186,21,False
71961.0045760186,82237.90395779775,15,False
82237.90395779775,93982.46852192775,13,False
93982.46852192775,107404.29855809342,9,False
107404.29855809342,122742.92780535543,10,False
122742.92780535543,140272.098309751,7,False
140272.098309751,160304.645783119,2,False
160304.645783119,183198.08265008917,3,False
183198.08265008917,209360.97842151992,3,False
209360.97842151992,239260.25126221322,3,False
239260.25126221322,273429.50088244973,4,False
273429.50088244973,312478.53146693215,3,False
312478.53146693215,357104.234592843,3,True
