medida,valor,unidade
Observações válidas,1668.0,municípios
Média simples,30364.88879833236,R$/pessoa
Mediana (Q2),22530.99873622905,R$/pessoa
Mínimo,6509.543648871233,R$/pessoa
Máximo,357104.234592843,R$/pessoa
Primeiro quartil (Q1),15577.631745719658,R$/pessoa
Terceiro quartil (Q3),34683.501005386875,R$/pessoa
Amplitude,350594.69094397174,R$/pessoa
Variância populacional,952058409.6823989,(R$/pessoa)²
Desvio padrão populacional,30855.443760905448,R$/pessoa
Intervalo interquartil,19105.86925966722,R$/pessoa
Coeficiente de variação,101.61553353885502,%
